{"stats":{"minecraft:crafted":{"minecraft:stone_sword":1,"minecraft:furnace":1,"minecraft:oak_planks":24,"minecraft:birch_planks":4,"minecraft:stone_axe":1,"minecraft:crafting_table":2,"minecraft:stick":12,"minecraft:wooden_pickaxe":1,"minecraft:stone_pickaxe":1},"minecraft:killed":{"minecraft:sheep":4,"minecraft:pig":2,"minecraft:chicken":1},"minecraft:mined":{"minecraft:oak_log":11,"minecraft:birch_log":1,"minecraft:stone":17,"minecraft:birch_leaves":2,"minecraft:sugar_cane":1,"minecraft:oak_leaves":1,"minecraft:crafting_table":2},"minecraft:custom":{"minecraft:time_since_rest":5408,"minecraft:crouch_one_cm":2757,"minecraft:play_time":5408,"minecraft:sprint_one_cm":22101,"minecraft:damage_taken":30,"minecraft:walk_one_cm":7387,"minecraft:sneak_time":924,"minecraft:mob_kills":7,"minecraft:jump":158,"minecraft:damage_dealt":570,"minecraft:walk_on_water_one_cm":380,"minecraft:time_since_death":5408,"minecraft:total_world_time":5408,"minecraft:interact_with_crafting_table":2,"minecraft:fall_one_cm":4134,"minecraft:fly_one_cm":31938},"minecraft:used":{"minecraft:stone_axe":12,"minecraft:crafting_table":3,"minecraft:wooden_pickaxe":17},"minecraft:picked_up":{"minecraft:birch_log":1,"minecraft:crafting_table":2,"minecraft:feather":1,"minecraft:chicken":1,"minecraft:porkchop":5,"minecraft:oak_log":11,"minecraft:mutton":4,"minecraft:white_wool":4,"minecraft:sugar_cane":3,"minecraft:cobblestone":17}},"DataVersion":3955}