{"stats":{"minecraft:crafted":{"minecraft:cooked_beef":3,"minecraft:oak_planks":68,"minecraft:cooked_porkchop":5,"minecraft:crafting_table":2,"minecraft:stick":12,"minecraft:wooden_pickaxe":1,"minecraft:stone_pickaxe":1,"minecraft:stone_sword":1,"minecraft:furnace":1,"minecraft:birch_planks":4,"minecraft:stone_axe":1,"minecraft:air":0,"minecraft:cooked_mutton":9},"minecraft:killed":{"minecraft:sheep":11,"minecraft:skeleton":1,"minecraft:zombie":1,"minecraft:pig":7,"minecraft:chicken":2,"minecraft:cow":1},"minecraft:mined":{"minecraft:furnace":1,"minecraft:birch_log":1,"minecraft:birch_leaves":2,"minecraft:crafting_table":2,"minecraft:short_grass":1,"minecraft:grass_block":2,"minecraft:oak_log":41,"minecraft:coal_ore":3,"minecraft:sand":3,"minecraft:dirt":3,"minecraft:stone":18,"minecraft:sugar_cane":9,"minecraft:oak_leaves":1},"minecraft:custom":{"minecraft:time_since_rest":19983,"minecraft:interact_with_furnace":10,"minecraft:sprint_one_cm":56773,"minecraft:damage_taken":155,"minecraft:walk_one_cm":23268,"minecraft:mob_kills":23,"minecraft:damage_dealt":2246,"minecraft:swim_one_cm":3015,"minecraft:interact_with_crafting_table":2,"minecraft:fly_one_cm":93095,"minecraft:crouch_one_cm":4761,"minecraft:play_time":19983,"minecraft:sneak_time":1773,"minecraft:walk_under_water_one_cm":319,"minecraft:jump":508,"minecraft:leave_game":4,"minecraft:time_since_death":19983,"minecraft:walk_on_water_one_cm":5615,"minecraft:total_world_time":19983,"minecraft:fall_one_cm":11805,"minecraft:climb_one_cm":1264},"minecraft:used":{"minecraft:oak_log":1,"minecraft:stone_sword":7,"minecraft:stone_pickaxe":5,"minecraft:wooden_pickaxe":17,"minecraft:stone_axe":60,"minecraft:dirt":5,"minecraft:cobblestone":2,"minecraft:crafting_table":3,"minecraft:furnace":1,"minecraft:cooked_mutton":4},"minecraft:picked_up":{"minecraft:birch_log":1,"minecraft:crafting_table":2,"minecraft:stick":2,"minecraft:feather":3,"minecraft:chicken":2,"minecraft:porkchop":17,"minecraft:sand":3,"minecraft:oak_log":41,"minecraft:dirt":5,"minecraft:arrow":1,"minecraft:beef":3,"minecraft:gray_wool":1,"minecraft:oak_sapling":1,"minecraft:sugar_cane":19,"minecraft:mutton":13,"minecraft:oak_planks":42,"minecraft:coal":3,"minecraft:white_wool":10,"minecraft:cobblestone":18,"minecraft:furnace":1}},"DataVersion":3955}